Date                                    , Status                                  , ProjName                                , BoardDefShortName                       , BoardDefName                            , SynthName                               , ImplName                                , SynthInfo                               , SynthWarnings                           , SynthCritWarnings                       , SynthError                              , ImplInfo                                , ImplWarnings                            , ImplCritWarnings                        , ImplError                               , ImplDRCWarnings                         , ImplDRCError                            , ImplTimingWNS                           , ImplTimingFaildEndpoints                , ImplTimingTNS                           ,
2018-08-18T23:31:16                     , Error                                   , ZEDBOARD                                , zed                                     , em.avnet.com:zed:part0:1.4              , synth_1                                 , impl_1                                  , 137                                     , 119                                     , 0                                       , 0                                       , 26                                      , 8                                       , 1                                       , 3                                       , 8                                       ,  2                                      , 0.214                                   , 0                                       , 0.000                                   ,
2018-08-19T04:41:08                     , Ok                                      , ZEDBOARD                                , zed                                     , em.avnet.com:zed:part0:1.4              , synth_1                                 , impl_1                                  , 166                                     , 106                                     , 0                                       , 0                                       , 31                                      , 8                                       , 1                                       , 0                                       , 8                                       ,  0                                      , 0.140                                   , 0                                       , 0.000                                   ,
2018-08-19T07:59:46                     , Ok                                      , ZEDBOARD                                , zed                                     , em.avnet.com:zed:part0:1.4              , synth_1                                 , impl_1                                  , 166                                     , 106                                     , 0                                       , 0                                       , 31                                      , 8                                       , 1                                       , 0                                       , 8                                       ,  0                                      , 0.141                                   , 0                                       , 0.000                                   ,
2018-08-22T22:05:09                     , Ok                                      , ZEDBOARD                                , zed                                     , em.avnet.com:zed:part0:1.4              , synth_1                                 , impl_1                                  , 134                                     , 106                                     , 0                                       , 0                                       , 31                                      , 5                                       , 1                                       , 0                                       , 5                                       ,  0                                      , 0.405                                   , 0                                       , 0.000                                   ,
2018-09-07T00:46:17                     , Ok                                      , ZEDBOARD                                , zed                                     , em.avnet.com:zed:part0:1.4              , synth_1                                 , impl_1                                  , 144                                     , 106                                     , 0                                       , 0                                       , 31                                      , 19                                      , 1                                       , 0                                       , 19                                      ,  0                                      , 0.391                                   , 0                                       , 0.000                                   ,
2018-09-07T19:35:18                     , Ok                                      , ZEDBOARD                                , zed                                     , em.avnet.com:zed:part0:1.4              , synth_1                                 , impl_1                                  , 144                                     , 106                                     , 0                                       , 0                                       , 31                                      , 19                                      , 1                                       , 0                                       , 19                                      ,  0                                      , 0.108                                   , 0                                       , 0.000                                   ,
2018-09-08T11:23:35                     , Ok                                      , ZEDBOARD                                , zed                                     , em.avnet.com:zed:part0:1.4              , synth_1                                 , impl_1                                  , 142                                     , 106                                     , 0                                       , 0                                       , 31                                      , 19                                      , 1                                       , 0                                       , 19                                      ,  0                                      , 0.363                                   , 0                                       , 0.000                                   ,
2018-09-08T15:22:18                     , Ok                                      , ZEDBOARD                                , zed                                     , em.avnet.com:zed:part0:1.4              , synth_1                                 , impl_1                                  , 136                                     , 106                                     , 0                                       , 0                                       , 31                                      , 19                                      , 1                                       , 0                                       , 19                                      ,  0                                      , 0.229                                   , 0                                       , 0.000                                   ,
2018-09-09T21:56:46                     , Ok                                      , ZEDBOARD                                , zed                                     , em.avnet.com:zed:part0:1.4              , synth_1                                 , impl_1                                  , 136                                     , 106                                     , 0                                       , 0                                       , 31                                      , 19                                      , 1                                       , 0                                       , 19                                      ,  0                                      , 0.220                                   , 0                                       , 0.000                                   ,
2018-09-11T01:13:20                     , Ok                                      , ZEDBOARD                                , zed                                     , em.avnet.com:zed:part0:1.4              , synth_1                                 , impl_1                                  , 136                                     , 106                                     , 0                                       , 0                                       , 30                                      , 19                                      , 1                                       , 0                                       , 19                                      ,  0                                      , 0.084                                   , 0                                       , 0.000                                   ,
2018-09-11T02:40:23                     , Ok                                      , ZEDBOARD                                , zed                                     , em.avnet.com:zed:part0:1.4              , synth_1                                 , impl_1                                  , 132                                     , 106                                     , 0                                       , 0                                       , 30                                      , 19                                      , 1                                       , 0                                       , 19                                      ,  0                                      , 0.219                                   , 0                                       , 0.000                                   ,
2018-09-12T21:37:41                     , Ok                                      , ZEDBOARD                                , zed                                     , em.avnet.com:zed:part0:1.4              , synth_1                                 , impl_1                                  , 130                                     , 106                                     , 0                                       , 0                                       , 31                                      , 16                                      , 1                                       , 0                                       , 16                                      ,  0                                      , 0.428                                   , 0                                       , 0.000                                   ,
2018-09-13T01:14:36                     , Ok                                      , ZEDBOARD                                , zed                                     , em.avnet.com:zed:part0:1.4              , synth_1                                 , impl_1                                  , 138                                     , 106                                     , 0                                       , 0                                       , 31                                      , 19                                      , 1                                       , 0                                       , 19                                      ,  0                                      , 0.256                                   , 0                                       , 0.000                                   ,
2018-09-14T03:19:40                     , Ok                                      , ZEDBOARD                                , zed                                     , em.avnet.com:zed:part0:1.4              , synth_1                                 , impl_1                                  , 146                                     , 106                                     , 0                                       , 0                                       , 29                                      , 19                                      , 1                                       , 0                                       , 19                                      ,  0                                      , 0.215                                   , 0                                       , 0.000                                   ,
2018-09-14T23:49:19                     , Error                                   , ZEDBOARD                                , zed                                     , em.avnet.com:zed:part0:1.4              , synth_1                                 , impl_1                                  , 146                                     , 106                                     , 0                                       , 0                                       , 29                                      , 19                                      , 1                                       , 0                                       , 19                                      ,  0                                      , -2.441                                  , 32                                      , -73.733                                 ,
2018-09-16T00:42:20                     , Error                                   , ZEDBOARD                                , zed                                     , em.avnet.com:zed:part0:1.4              , synth_1                                 , impl_1                                  , 145                                     , 132                                     , 0                                       , 0                                       , 13                                      , 96                                      , 1                                       , 3                                       , 118                                     ,  2                                      , -2.543                                  , 34                                      , -76.183                                 ,
2018-09-16T01:37:40                     , Error                                   , ZEDBOARD                                , zed                                     , em.avnet.com:zed:part0:1.4              , synth_1                                 , impl_1                                  , 145                                     , 113                                     , 0                                       , 0                                       , 16                                      , 96                                      , 1                                       , 0                                       , 118                                     ,  0                                      , -2.435                                  , 32                                      , -74.303                                 ,
2018-09-16T09:31:01                     , Error                                   , ZEDBOARD                                , zed                                     , em.avnet.com:zed:part0:1.4              , synth_1                                 , impl_1                                  , 145                                     , 113                                     , 0                                       , 0                                       , 16                                      , 96                                      , 1                                       , 0                                       , 118                                     ,  0                                      , -2.436                                  , 32                                      , -73.914                                 ,
2018-09-16T19:50:46                     , Error                                   , ZEDBOARD                                , zed                                     , em.avnet.com:zed:part0:1.4              , synth_1                                 , impl_1                                  , 145                                     , 113                                     , 0                                       , 0                                       , 16                                      , 96                                      , 1                                       , 0                                       , 118                                     ,  0                                      , -2.474                                  , 32                                      , -75.538                                 ,
2018-09-18T22:02:35                     , Error                                   , ZEDBOARD                                , zed                                     , em.avnet.com:zed:part0:1.4              , synth_1                                 , impl_1                                  , 139                                     , 113                                     , 0                                       , 0                                       , 16                                      , 94                                      , 0                                       , 0                                       , 116                                     ,  0                                      , -2.446                                  , 32                                      , -74.550                                 ,
2018-09-20T01:17:24                     , Error                                   , ZEDBOARD                                , zed                                     , em.avnet.com:zed:part0:1.4              , synth_1                                 , impl_1                                  , 139                                     , 113                                     , 0                                       , 0                                       , 16                                      , 94                                      , 0                                       , 0                                       , 116                                     ,  0                                      , -2.439                                  , 32                                      , -73.929                                 ,
2018-09-20T21:18:16                     , Error                                   , ZEDBOARD                                , zed                                     , em.avnet.com:zed:part0:1.4              , synth_1                                 , impl_1                                  , 141                                     , 113                                     , 0                                       , 0                                       , 16                                      , 94                                      , 0                                       , 0                                       , 116                                     ,  0                                      , -2.502                                  , 33                                      , -75.677                                 ,
2018-09-20T23:34:47                     , Error                                   , ZEDBOARD                                , zed                                     , em.avnet.com:zed:part0:1.4              , synth_1                                 , impl_1                                  , 139                                     , 113                                     , 0                                       , 0                                       , 16                                      , 94                                      , 0                                       , 0                                       , 116                                     ,  0                                      , -2.476                                  , 32                                      , -74.825                                 ,
2018-09-21T21:54:27                     , Error                                   , ZEDBOARD                                , zed                                     , em.avnet.com:zed:part0:1.4              , synth_1                                 , impl_1                                  , 139                                     , 113                                     , 0                                       , 0                                       , 16                                      , 94                                      , 0                                       , 0                                       , 116                                     ,  0                                      , -2.588                                  , 33                                      , -76.384                                 ,
2018-09-22T04:04:20                     , Error                                   , ZEDBOARD                                , zed                                     , em.avnet.com:zed:part0:1.4              , synth_1                                 , impl_1                                  , 139                                     , 113                                     , 0                                       , 0                                       , 16                                      , 104                                     , 0                                       , 0                                       , 126                                     ,  0                                      , -2.681                                  , 1                                       , -2.681                                  ,
2018-09-22T18:30:14                     , Error                                   , ZEDBOARD                                , zed                                     , em.avnet.com:zed:part0:1.4              , synth_1                                 , impl_1                                  , 139                                     , 113                                     , 0                                       , 0                                       , 16                                      , 104                                     , 0                                       , 0                                       , 126                                     ,  0                                      , -2.650                                  , 1                                       , -2.650                                  ,
2018-09-22T21:53:56                     , Error                                   , ZEDBOARD                                , zed                                     , em.avnet.com:zed:part0:1.4              , synth_1                                 , impl_1                                  , 139                                     , 113                                     , 0                                       , 0                                       , 16                                      , 104                                     , 0                                       , 0                                       , 126                                     ,  0                                      , -2.550                                  , 1                                       , -2.550                                  ,
2018-09-23T01:59:19                     , Error                                   , ZEDBOARD                                , zed                                     , em.avnet.com:zed:part0:1.4              , synth_1                                 , impl_1                                  , 139                                     , 113                                     , 0                                       , 0                                       , 16                                      , 104                                     , 0                                       , 0                                       , 126                                     ,  0                                      , -2.702                                  , 1                                       , -2.702                                  ,
2018-09-23T22:43:34                     , Error                                   , ZEDBOARD                                , zed                                     , em.avnet.com:zed:part0:1.4              , synth_1                                 , impl_1                                  , 139                                     , 113                                     , 0                                       , 0                                       , 16                                      , 94                                      , 0                                       , 0                                       , 116                                     ,  0                                      , -2.439                                  , 1                                       , -2.439                                  ,
2018-10-14T17:17:49                     , Error                                   , ZEDBOARD                                , zed                                     , em.avnet.com:zed:part0:1.4              , synth_1                                 , impl_1                                  , 139                                     , 113                                     , 0                                       , 0                                       , 16                                      , 94                                      , 0                                       , 0                                       , 116                                     ,  0                                      , -2.587                                  , 1                                       , -2.587                                  ,
2018-10-16T00:17:17                     , Error                                   , ZEDBOARD                                , zed                                     , em.avnet.com:zed:part0:1.4              , synth_1                                 , impl_1                                  , 139                                     , 113                                     , 0                                       , 0                                       , 16                                      , 94                                      , 0                                       , 0                                       , 116                                     ,  0                                      , -2.605                                  , 1                                       , -2.605                                  ,
2018-10-16T22:13:19                     , Ok                                      , ZEDBOARD                                , zed                                     , em.avnet.com:zed:part0:1.4              , synth_1                                 , impl_1                                  , 141                                     , 115                                     , 0                                       , 0                                       , 16                                      , 94                                      , 0                                       , 0                                       , 116                                     ,  0                                      , 0.267                                   , 0                                       , 0.000                                   ,
2018-10-20T16:55:38                     , Ok                                      , ZEDBOARD                                , zed                                     , em.avnet.com:zed:part0:1.4              , synth_1                                 , impl_1                                  , 141                                     , 115                                     , 0                                       , 0                                       , 16                                      , 94                                      , 0                                       , 0                                       , 116                                     ,  0                                      , 0.331                                   , 0                                       , 0.000                                   ,
2018-10-21T18:46:23                     , Error                                   , ZEDBOARD                                , zed                                     , em.avnet.com:zed:part0:1.4              , synth_1                                 , impl_1                                  , 141                                     , 115                                     , 0                                       , 0                                       , 17                                      , 144                                     , 0                                       , 0                                       , 214                                     ,  0                                      , -23.085                                 , 465                                     , -581.867                                ,
2018-10-21T20:06:42                     , Error                                   , ZEDBOARD                                , zed                                     , em.avnet.com:zed:part0:1.4              , synth_1                                 , impl_1                                  , 141                                     , 115                                     , 0                                       , 0                                       , 17                                      , 144                                     , 0                                       , 0                                       , 214                                     ,  0                                      , -23.323                                 , 449                                     , -340.195                                ,
2018-10-21T21:26:35                     , Error                                   , ZEDBOARD                                , zed                                     , em.avnet.com:zed:part0:1.4              , synth_1                                 , impl_1                                  , 141                                     , 115                                     , 0                                       , 0                                       , 17                                      , 144                                     , 0                                       , 0                                       , 214                                     ,  0                                      , -22.966                                 , 435                                     , -533.853                                ,
2018-10-24T23:33:30                     , Error                                   , ZEDBOARD                                , zed                                     , em.avnet.com:zed:part0:1.4              , synth_1                                 , impl_1                                  , 141                                     , 115                                     , 0                                       , 0                                       , 17                                      , 144                                     , 0                                       , 0                                       , 214                                     ,  0                                      , -23.055                                 , 689                                     , -644.395                                ,
2018-10-25T01:03:18                     , Error                                   , ZEDBOARD                                , zed                                     , em.avnet.com:zed:part0:1.4              , synth_1                                 , impl_1                                  , 141                                     , 115                                     , 0                                       , 0                                       , 17                                      , 144                                     , 0                                       , 0                                       , 218                                     ,  0                                      , -23.253                                 , 1163                                    , -1079.066                               ,
2018-10-25T23:49:07                     , Error                                   , ZEDBOARD                                , zed                                     , em.avnet.com:zed:part0:1.4              , synth_1                                 , impl_1                                  , 141                                     , 115                                     , 0                                       , 0                                       , 17                                      , 144                                     , 0                                       , 0                                       , 218                                     ,  0                                      , -23.709                                 , 1227                                    , -2306.880                               ,
2018-10-26T01:15:02                     , Error                                   , ZEDBOARD                                , zed                                     , em.avnet.com:zed:part0:1.4              , synth_1                                 , impl_1                                  , 141                                     , 115                                     , 0                                       , 0                                       , 17                                      , 144                                     , 0                                       , 0                                       , 218                                     ,  0                                      , -23.521                                 , 822                                     , -1185.213                               ,
2018-11-01T00:42:06                     , Error                                   , ZEDBOARD                                , zed                                     , em.avnet.com:zed:part0:1.4              , synth_1                                 , impl_1                                  , 141                                     , 115                                     , 0                                       , 0                                       , 17                                      , 144                                     , 0                                       , 0                                       , 218                                     ,  0                                      , -24.240                                 , 890                                     , -1031.048                               ,
2018-11-03T03:36:19                     , Error                                   , ZEDBOARD                                , zed                                     , em.avnet.com:zed:part0:1.4              , synth_1                                 , impl_1                                  , 141                                     , 115                                     , 0                                       , 0                                       , 17                                      , 144                                     , 0                                       , 0                                       , 218                                     ,  0                                      , -23.781                                 , 1701                                    , -5037.936                               ,
2018-11-12T21:24:11                     , Error                                   , ZEDBOARD                                , zed                                     , em.avnet.com:zed:part0:1.4              , synth_1                                 , impl_1                                  , 147                                     , 116                                     , 0                                       , 0                                       , 17                                      , 144                                     , 0                                       , 0                                       , 218                                     ,  0                                      , -22.862                                 , 1136                                    , -1011.949                               ,
2018-11-12T22:35:07                     , Error                                   , ZEDBOARD                                , zed                                     , em.avnet.com:zed:part0:1.4              , synth_1                                 , impl_1                                  , 147                                     , 116                                     , 0                                       , 0                                       , 17                                      , 144                                     , 0                                       , 0                                       , 218                                     ,  0                                      , -23.085                                 , 760                                     , -599.548                                ,
2018-11-16T22:21:57                     , Error                                   , ZEDBOARD                                , zed                                     , em.avnet.com:zed:part0:1.4              , synth_1                                 , impl_1                                  , 147                                     , 116                                     , 0                                       , 0                                       , 17                                      , 144                                     , 0                                       , 0                                       , 218                                     ,  0                                      , -23.300                                 , 1695                                    , -2113.083                               ,
2018-12-09T22:56:50                     , Error                                   , ZEDBOARD                                , zed                                     , em.avnet.com:zed:part0:1.4              , synth_1                                 , impl_1                                  , 147                                     , 116                                     , 0                                       , 0                                       , 17                                      , 144                                     , 0                                       , 0                                       , 218                                     ,  0                                      , -23.191                                 , 1368                                    , -1497.963                               ,
2018-12-10T23:04:21                     , Error                                   , ZEDBOARD                                , zed                                     , em.avnet.com:zed:part0:1.4              , synth_1                                 , impl_1                                  , 147                                     , 116                                     , 0                                       , 0                                       , 17                                      , 144                                     , 0                                       , 0                                       , 218                                     ,  0                                      , -23.710                                 , 2053                                    , -3032.073                               ,
2018-12-13T19:37:19                     , Error                                   , ZEDBOARD                                , zed                                     , em.avnet.com:zed:part0:1.4              , synth_1                                 , impl_1                                  , 147                                     , 116                                     , 0                                       , 0                                       , 17                                      , 144                                     , 0                                       , 0                                       , 218                                     ,  0                                      , -23.231                                 , 2333                                    , -8009.098                               ,
2018-12-15T01:17:26                     , Error                                   , ZEDBOARD                                , zed                                     , em.avnet.com:zed:part0:1.4              , synth_1                                 , impl_1                                  , 147                                     , 116                                     , 0                                       , 0                                       , 17                                      , 145                                     , 0                                       , 0                                       , 219                                     ,  0                                      , -24.453                                 , 3503                                    , -10318.288                              ,
2018-12-16T01:15:32                     , Error                                   , ZEDBOARD                                , zed                                     , em.avnet.com:zed:part0:1.4              , synth_1                                 , impl_1                                  , 147                                     , 116                                     , 0                                       , 0                                       , 17                                      , 145                                     , 0                                       , 0                                       , 219                                     ,  0                                      , -24.023                                 , 2517                                    , -4413.768                               ,
2018-12-16T23:08:19                     , Error                                   , ZEDBOARD                                , zed                                     , em.avnet.com:zed:part0:1.4              , synth_1                                 , impl_1                                  , 147                                     , 116                                     , 0                                       , 0                                       , 17                                      , 145                                     , 0                                       , 0                                       , 219                                     ,  0                                      , -23.506                                 , 1847                                    , -2797.912                               ,
2018-12-17T01:03:14                     , Error                                   , ZEDBOARD                                , zed                                     , em.avnet.com:zed:part0:1.4              , synth_1                                 , impl_1                                  , 149                                     , 116                                     , 0                                       , 0                                       , 17                                      , 145                                     , 0                                       , 0                                       , 219                                     ,  0                                      , -24.007                                 , 2699                                    , -5902.354                               ,
2018-12-17T23:40:45                     , Error                                   , ZEDBOARD                                , zed                                     , em.avnet.com:zed:part0:1.4              , synth_1                                 , impl_1                                  , 149                                     , 116                                     , 0                                       , 0                                       , 17                                      , 145                                     , 0                                       , 0                                       , 219                                     ,  0                                      , -23.384                                 , 2102                                    , -5002.903                               ,
2018-12-19T23:40:45                     , Error                                   , ZEDBOARD                                , zed                                     , em.avnet.com:zed:part0:1.4              , synth_1                                 , impl_1                                  , 147                                     , 116                                     , 0                                       , 0                                       , 17                                      , 145                                     , 0                                       , 0                                       , 219                                     ,  0                                      , -3.597                                  , 277                                     , -169.917                                ,
2019-01-03T23:17:36                     , Error                                   , ZEDBOARD                                , zed                                     , em.avnet.com:zed:part0:1.4              , synth_1                                 , impl_1                                  , 147                                     , 116                                     , 0                                       , 0                                       , 17                                      , 145                                     , 0                                       , 0                                       , 219                                     ,  0                                      , -3.970                                  , 72                                      , -98.170                                 ,
2019-01-06T22:02:59                     , Error                                   , ZEDBOARD                                , zed                                     , em.avnet.com:zed:part0:1.4              , synth_1                                 , impl_1                                  , 147                                     , 116                                     , 0                                       , 0                                       , 17                                      , 145                                     , 0                                       , 0                                       , 219                                     ,  0                                      , -3.731                                  , 611                                     , -145.468                                ,
2019-01-07T22:09:52                     , Error                                   , ZEDBOARD                                , zed                                     , em.avnet.com:zed:part0:1.4              , synth_1                                 , impl_1                                  , 147                                     , 116                                     , 0                                       , 0                                       , 17                                      , 145                                     , 0                                       , 0                                       , 219                                     ,  0                                      , -3.731                                  , 611                                     , -145.468                                ,
2019-01-08T20:06:35                     , Error                                   , ZEDBOARD                                , zed                                     , em.avnet.com:zed:part0:1.4              , synth_1                                 , impl_1                                  , 147                                     , 116                                     , 0                                       , 0                                       , 16                                      , 95                                      , 0                                       , 0                                       , 117                                     ,  0                                      , -3.737                                  , 65                                      , -97.202                                 ,
2019-01-13T19:38:05                     , Error                                   , ZEDBOARD                                , zed                                     , em.avnet.com:zed:part0:1.4              , synth_1                                 , impl_1                                  , 147                                     , 116                                     , 0                                       , 0                                       , 16                                      , 104                                     , 0                                       , 0                                       , 126                                     ,  0                                      , -3.785                                  , 76                                      , -97.110                                 ,
2019-01-14T23:38:08                     , Error                                   , ZEDBOARD                                , zed                                     , em.avnet.com:zed:part0:1.4              , synth_1                                 , impl_1                                  , 147                                     , 116                                     , 0                                       , 0                                       , 16                                      , 104                                     , 0                                       , 0                                       , 126                                     ,  0                                      , -3.773                                  , 87                                      , -105.662                                ,
2019-01-16T23:27:02                     , Error                                   , ZEDBOARD                                , zed                                     , em.avnet.com:zed:part0:1.4              , synth_1                                 , impl_1                                  , 147                                     , 116                                     , 0                                       , 0                                       , 16                                      , 104                                     , 0                                       , 0                                       , 126                                     ,  0                                      , -4.100                                  , 74                                      , -98.333                                 ,
2019-01-19T18:33:22                     , Error                                   , ZEDBOARD                                , zed                                     , em.avnet.com:zed:part0:1.4              , synth_1                                 , impl_1                                  , 147                                     , 116                                     , 0                                       , 0                                       , 16                                      , 104                                     , 0                                       , 0                                       , 126                                     ,  0                                      , -4.100                                  , 74                                      , -98.333                                 ,
2019-01-21T22:12:41                     , Ok                                      , ZEDBOARD                                , zed                                     , em.avnet.com:zed:part0:1.4              , synth_1                                 , impl_1                                  , 134                                     , 119                                     , 0                                       , 0                                       , 16                                      , 112                                     , 0                                       , 0                                       , 133                                     ,  0                                      , 0.156                                   , 0                                       , 0.000                                   ,
2019-01-22T22:38:26                     , Ok                                      , ZEDBOARD                                , zed                                     , em.avnet.com:zed:part0:1.4              , synth_1                                 , impl_1                                  , 134                                     , 119                                     , 0                                       , 0                                       , 16                                      , 112                                     , 0                                       , 0                                       , 133                                     ,  0                                      , 0.105                                   , 0                                       , 0.000                                   ,
2019-01-24T21:24:13                     , Ok                                      , ZEDBOARD                                , zed                                     , em.avnet.com:zed:part0:1.4              , synth_1                                 , impl_1                                  , 134                                     , 119                                     , 0                                       , 0                                       , 16                                      , 112                                     , 0                                       , 0                                       , 133                                     ,  0                                      , 0.018                                   , 0                                       , 0.000                                   ,
2019-02-05T00:13:08                     , Ok                                      , ZEDBOARD                                , zed                                     , em.avnet.com:zed:part0:1.4              , synth_1                                 , impl_1                                  , 134                                     , 119                                     , 0                                       , 0                                       , 17                                      , 165                                     , 0                                       , 0                                       , 412                                     ,  0                                      , 0.160                                   , 0                                       , 0.000                                   ,
2019-02-05T22:23:10                     , Ok                                      , ZEDBOARD                                , zed                                     , em.avnet.com:zed:part0:1.4              , synth_1                                 , impl_1                                  , 134                                     , 119                                     , 0                                       , 0                                       , 17                                      , 165                                     , 0                                       , 0                                       , 412                                     ,  0                                      , 0.220                                   , 0                                       , 0.000                                   ,
2019-02-06T20:13:46                     , Ok                                      , ZEDBOARD                                , zed                                     , em.avnet.com:zed:part0:1.4              , synth_1                                 , impl_1                                  , 134                                     , 119                                     , 0                                       , 0                                       , 17                                      , 165                                     , 0                                       , 0                                       , 412                                     ,  0                                      , 0.006                                   , 0                                       , 0.000                                   ,
2019-02-07T21:10:31                     , Ok                                      , ZEDBOARD                                , zed                                     , em.avnet.com:zed:part0:1.4              , synth_1                                 , impl_1                                  , 134                                     , 119                                     , 0                                       , 0                                       , 17                                      , 165                                     , 0                                       , 0                                       , 412                                     ,  0                                      , 0.199                                   , 0                                       , 0.000                                   ,
2019-02-17T01:50:19                     , Error                                   , ZEDBOARD                                , zed                                     , em.avnet.com:zed:part0:1.4              , synth_1                                 , impl_1                                  , 134                                     , 119                                     , 0                                       , 0                                       , 17                                      , 156                                     , 0                                       , 0                                       , 403                                     ,  0                                      , -33.807                                 , 6832                                    , -20788.438                              ,
2019-02-17T16:33:23                     , Error                                   , ZEDBOARD                                , zed                                     , em.avnet.com:zed:part0:1.4              , synth_1                                 , impl_1                                  , 134                                     , 119                                     , 0                                       , 0                                       , 17                                      , 156                                     , 0                                       , 0                                       , 403                                     ,  0                                      , -33.406                                 , 5395                                    , -9102.748                               ,
2019-02-18T21:22:06                     , Error                                   , ZEDBOARD                                , zed                                     , em.avnet.com:zed:part0:1.4              , synth_1                                 , impl_1                                  , 134                                     , 119                                     , 0                                       , 0                                       , 17                                      , 156                                     , 0                                       , 0                                       , 403                                     ,  0                                      , -2.797                                  , 890                                     , -314.255                                ,
2019-02-19T21:58:25                     , Error                                   , ZEDBOARD                                , zed                                     , em.avnet.com:zed:part0:1.4              , synth_1                                 , impl_1                                  , 134                                     , 125                                     , 0                                       , 0                                       , 17                                      , 156                                     , 0                                       , 0                                       , 403                                     ,  0                                      , -2.797                                  , 890                                     , -314.255                                ,
2019-02-20T00:40:07                     , Ok                                      , ZEDBOARD                                , zed                                     , em.avnet.com:zed:part0:1.4              , synth_1                                 , impl_1                                  , 134                                     , 119                                     , 0                                       , 0                                       , 17                                      , 156                                     , 0                                       , 0                                       , 403                                     ,  0                                      , 0.064                                   , 0                                       , 0.000                                   ,
2019-02-22T00:11:09                     , Ok                                      , ZEDBOARD                                , zed                                     , em.avnet.com:zed:part0:1.4              , synth_1                                 , impl_1                                  , 134                                     , 119                                     , 0                                       , 0                                       , 17                                      , 156                                     , 0                                       , 0                                       , 403                                     ,  0                                      , 0.071                                   , 0                                       , 0.000                                   ,
2019-02-22T02:02:44                     , Ok                                      , ZEDBOARD                                , zed                                     , em.avnet.com:zed:part0:1.4              , synth_1                                 , impl_1                                  , 134                                     , 119                                     , 0                                       , 0                                       , 17                                      , 156                                     , 0                                       , 0                                       , 403                                     ,  0                                      , 0.226                                   , 0                                       , 0.000                                   ,
2019-04-07T22:21:50                     , Ok                                      , ZEDBOARD                                , zed                                     , em.avnet.com:zed:part0:1.4              , synth_1                                 , impl_1                                  , 134                                     , 119                                     , 0                                       , 0                                       , 19                                      , 156                                     , 0                                       , 0                                       , 403                                     ,  0                                      , 0.149                                   , 0                                       , 0.000                                   ,
2019-04-13T00:37:48                     , Ok                                      , ZEDBOARD                                , zed                                     , em.avnet.com:zed:part0:1.4              , synth_1                                 , impl_1                                  , 134                                     , 119                                     , 0                                       , 0                                       , 19                                      , 156                                     , 0                                       , 0                                       , 403                                     ,  0                                      , 0.126                                   , 0                                       , 0.000                                   ,
2019-04-14T21:43:16                     , Ok                                      , ZEDBOARD                                , zed                                     , em.avnet.com:zed:part0:1.4              , synth_1                                 , impl_1                                  , 134                                     , 119                                     , 0                                       , 0                                       , 18                                      , 156                                     , 0                                       , 0                                       , 403                                     ,  0                                      , 0.201                                   , 0                                       , 0.000                                   ,
2019-04-15T23:39:33                     , Ok                                      , ZEDBOARD                                , zed                                     , em.avnet.com:zed:part0:1.4              , synth_1                                 , impl_1                                  , 134                                     , 119                                     , 0                                       , 0                                       , 18                                      , 156                                     , 0                                       , 0                                       , 403                                     ,  0                                      , 0.085                                   , 0                                       , 0.000                                   ,
2019-04-20T01:38:36                     , Ok                                      , ZEDBOARD                                , zed                                     , em.avnet.com:zed:part0:1.4              , synth_1                                 , impl_1                                  , 134                                     , 119                                     , 0                                       , 0                                       , 19                                      , 156                                     , 0                                       , 0                                       , 403                                     ,  0                                      , 0.088                                   , 0                                       , 0.000                                   ,
2019-04-21T22:57:16                     , Ok                                      , ZEDBOARD                                , zed                                     , em.avnet.com:zed:part0:1.4              , synth_1                                 , impl_1                                  , 134                                     , 119                                     , 0                                       , 0                                       , 19                                      , 156                                     , 0                                       , 0                                       , 403                                     ,  0                                      , 0.029                                   , 0                                       , 0.000                                   ,
2019-04-27T19:38:48                     , Ok                                      , ZEDBOARD                                , zed                                     , em.avnet.com:zed:part0:1.4              , synth_1                                 , impl_1                                  , 134                                     , 119                                     , 0                                       , 0                                       , 19                                      , 156                                     , 0                                       , 0                                       , 403                                     ,  0                                      , 0.038                                   , 0                                       , 0.000                                   ,
2019-04-27T23:04:17                     , Ok                                      , ZEDBOARD                                , zed                                     , em.avnet.com:zed:part0:1.4              , synth_1                                 , impl_1                                  , 134                                     , 119                                     , 0                                       , 0                                       , 19                                      , 156                                     , 0                                       , 0                                       , 403                                     ,  0                                      , 0.182                                   , 0                                       , 0.000                                   ,
2019-04-28T22:34:59                     , Ok                                      , ZEDBOARD                                , zed                                     , em.avnet.com:zed:part0:1.4              , synth_1                                 , impl_1                                  , 134                                     , 119                                     , 0                                       , 0                                       , 19                                      , 156                                     , 0                                       , 0                                       , 403                                     ,  0                                      , 0.246                                   , 0                                       , 0.000                                   ,
2019-05-01T23:49:56                     , Ok                                      , ZEDBOARD                                , zed                                     , em.avnet.com:zed:part0:1.4              , synth_1                                 , impl_1                                  , 134                                     , 119                                     , 0                                       , 0                                       , 19                                      , 156                                     , 0                                       , 0                                       , 403                                     ,  0                                      , 0.246                                   , 0                                       , 0.000                                   ,
2019-05-02T22:55:23                     , Ok                                      , ZEDBOARD                                , zed                                     , em.avnet.com:zed:part0:1.4              , synth_1                                 , impl_1                                  , 134                                     , 119                                     , 0                                       , 0                                       , 19                                      , 156                                     , 0                                       , 0                                       , 403                                     ,  0                                      , 0.034                                   , 0                                       , 0.000                                   ,
2019-05-04T00:12:35                     , Ok                                      , ZEDBOARD                                , zed                                     , em.avnet.com:zed:part0:1.4              , synth_1                                 , impl_1                                  , 134                                     , 119                                     , 0                                       , 0                                       , 19                                      , 156                                     , 0                                       , 0                                       , 403                                     ,  0                                      , 0.032                                   , 0                                       , 0.000                                   ,
2019-05-05T22:10:53                     , Error                                   , ZEDBOARD                                , zed                                     , em.avnet.com:zed:part0:1.4              , synth_1                                 , impl_1                                  , 134                                     , 119                                     , 0                                       , 0                                       , 19                                      , 156                                     , 0                                       , 0                                       , 403                                     ,  0                                      , -49.510                                 , 5625                                    , -17544.689                              ,
2019-05-06T23:28:53                     , Error                                   , ZEDBOARD                                , zed                                     , em.avnet.com:zed:part0:1.4              , synth_1                                 , impl_1                                  , 134                                     , 119                                     , 0                                       , 0                                       , 19                                      , 174                                     , 0                                       , 0                                       , 691                                     ,  0                                      , -50.317                                 , 5985                                    , -20635.797                              ,
2019-05-08T00:44:51                     , Error                                   , ZEDBOARD                                , zed                                     , em.avnet.com:zed:part0:1.4              , synth_1                                 , impl_1                                  , 134                                     , 119                                     , 0                                       , 0                                       , 18                                      , 174                                     , 0                                       , 0                                       , 691                                     ,  0                                      , -49.631                                 , 5580                                    , -30444.934                              ,
2019-05-08T17:53:14                     , Error                                   , ZEDBOARD                                , zed                                     , em.avnet.com:zed:part0:1.4              , synth_1                                 , impl_1                                  , 134                                     , 113                                     , 0                                       , 0                                       , 19                                      , 174                                     , 0                                       , 0                                       , 691                                     ,  0                                      , -49.631                                 , 5580                                    , -30444.934                              ,
2019-05-09T00:54:41                     , Ok                                      , ZEDBOARD                                , zed                                     , em.avnet.com:zed:part0:1.4              , synth_1                                 , impl_1                                  , 134                                     , 143                                     , 0                                       , 0                                       , 19                                      , 174                                     , 0                                       , 0                                       , 691                                     ,  0                                      , 0.102                                   , 0                                       , 0.000                                   ,
2019-05-17T22:23:36                     , Error                                   , ZEDBOARD                                , zed                                     , em.avnet.com:zed:part0:1.4              , synth_1                                 , impl_1                                  , 134                                     , 143                                     , 0                                       , 0                                       , 17                                      , 94                                      , 0                                       , 0                                       , 115                                     ,  0                                      , -3.098                                  , 2355                                    , -1409.267                               ,
2019-06-03T21:25:27                     , Error                                   , ZEDBOARD                                , zed                                     , em.avnet.com:zed:part0:1.4              , synth_1                                 , impl_1                                  , 134                                     , 113                                     , 0                                       , 0                                       , 17                                      , 28                                      , 0                                       , 0                                       , 49                                      ,  0                                      , -49.528                                 , 3867                                    , -11393.418                              ,
2019-06-06T19:39:21                     , Error                                   , ZEDBOARD                                , zed                                     , em.avnet.com:zed:part0:1.4              , synth_1                                 , impl_1                                  , 134                                     , 165                                     , 0                                       , 0                                       , 18                                      , 28                                      , 0                                       , 0                                       , 49                                      ,  0                                      , -1.049                                  , 21                                      , -6.013                                  ,
2019-06-06T21:11:11                     , Ok                                      , ZEDBOARD                                , zed                                     , em.avnet.com:zed:part0:1.4              , synth_1                                 , impl_1                                  , 134                                     , 171                                     , 0                                       , 0                                       , 18                                      , 28                                      , 0                                       , 0                                       , 49                                      ,  0                                      , 0.206                                   , 0                                       , 0.000                                   ,
2019-06-09T00:07:37                     , Error                                   , ZEDBOARD                                , zed                                     , em.avnet.com:zed:part0:1.4              , synth_1                                 , impl_1                                  , 134                                     , 171                                     , 0                                       , 0                                       , 17                                      , 30                                      , 0                                       , 0                                       , 51                                      ,  0                                      , -2.146                                  , 1962                                    , -944.668                                ,
2019-06-11T17:14:55                     , Error                                   , ZEDBOARD                                , zed                                     , em.avnet.com:zed:part0:1.4              , synth_1                                 , impl_1                                  , 134                                     , 171                                     , 0                                       , 0                                       , 18                                      , 30                                      , 0                                       , 0                                       , 51                                      ,  0                                      , -3.110                                  , 1372                                    , -621.905                                ,
2019-06-11T23:31:43                     , Error                                   , ZEDBOARD                                , zed                                     , em.avnet.com:zed:part0:1.4              , synth_1                                 , impl_1                                  , 134                                     , 181                                     , 0                                       , 0                                       , 18                                      , 30                                      , 0                                       , 0                                       , 51                                      ,  0                                      , -3.053                                  , 1383                                    , -760.847                                ,
2019-06-12T00:18:12                     , Error                                   , ZEDBOARD                                , zed                                     , em.avnet.com:zed:part0:1.4              , synth_1                                 , impl_1                                  , 134                                     , 181                                     , 0                                       , 0                                       , 17                                      , 30                                      , 0                                       , 0                                       , 51                                      ,  0                                      , -0.604                                  , 32                                      , -3.753                                  ,
2019-06-13T18:37:38                     , Ok                                      , ZEDBOARD                                , zed                                     , em.avnet.com:zed:part0:1.4              , synth_1                                 , impl_1                                  , 134                                     , 183                                     , 0                                       , 0                                       , 18                                      , 30                                      , 0                                       , 0                                       , 51                                      ,  0                                      , 0.128                                   , 0                                       , 0.000                                   ,
2019-06-16T16:38:40                     , Error                                   , ZEDBOARD                                , zed                                     , em.avnet.com:zed:part0:1.4              , synth_1                                 , impl_1                                  , 134                                     , 183                                     , 0                                       , 0                                       , 18                                      , 31                                      , 0                                       , 0                                       , 52                                      ,  0                                      , -2.543                                  , 1962                                    , -1033.975                               ,
2019-08-29T20:04:15                     , Error                                   , ZEDBOARD                                , zed                                     , em.avnet.com:zed:part0:1.4              , synth_1                                 , impl_1                                  , 134                                     , 183                                     , 0                                       , 0                                       , 18                                      , 31                                      , 0                                       , 0                                       , 52                                      ,  0                                      , -2.543                                  , 1962                                    , -1033.975                               ,
2019-09-03T22:36:09                     , Error                                   , ZEDBOARD                                , zed                                     , em.avnet.com:zed:part0:1.4              , synth_1                                 , impl_1                                  , 134                                     , 183                                     , 0                                       , 0                                       , 18                                      , 25                                      , 0                                       , 0                                       , 46                                      ,  0                                      , -48.394                                 , 4059                                    , -16489.793                              ,
2019-09-05T01:09:33                     , Error                                   , ZEDBOARD                                , zed                                     , em.avnet.com:zed:part0:1.4              , synth_1                                 , impl_1                                  , 134                                     , 171                                     , 0                                       , 0                                       , 18                                      , 24                                      , 0                                       , 0                                       , 45                                      ,  0                                      , -48.145                                 , 4452                                    , -18829.957                              ,
2019-09-06T12:52:11                     , Error                                   , ZEDBOARD                                , zed                                     , em.avnet.com:zed:part0:1.4              , synth_1                                 , impl_1                                  , 134                                     , 159                                     , 0                                       , 0                                       , 18                                      , 94                                      , 0                                       , 0                                       , 115                                     ,  0                                      , -3.548                                  , 1102                                    , -420.183                                ,
2019-09-06T22:04:24                     , Error                                   , ZEDBOARD                                , zed                                     , em.avnet.com:zed:part0:1.4              , synth_1                                 , impl_1                                  , 134                                     , 159                                     , 0                                       , 0                                       , 18                                      , 94                                      , 0                                       , 0                                       , 115                                     ,  0                                      , -3.335                                  , 834                                     , -268.004                                ,
2019-09-06T23:29:47                     , Error                                   , ZEDBOARD                                , zed                                     , em.avnet.com:zed:part0:1.4              , synth_1                                 , impl_1                                  , 134                                     , 159                                     , 0                                       , 0                                       , 18                                      , 94                                      , 0                                       , 0                                       , 115                                     ,  0                                      , -2.885                                  , 1490                                    , -571.499                                ,
2019-09-07T01:40:49                     , Error                                   , ZEDBOARD                                , zed                                     , em.avnet.com:zed:part0:1.4              , synth_1                                 , impl_1                                  , 134                                     , 159                                     , 0                                       , 0                                       , 18                                      , 94                                      , 0                                       , 0                                       , 115                                     ,  0                                      , -2.924                                  , 834                                     , -283.830                                ,
2019-09-07T03:29:03                     , Error                                   , ZEDBOARD                                , zed                                     , em.avnet.com:zed:part0:1.4              , synth_1                                 , impl_1                                  , 134                                     , 159                                     , 0                                       , 0                                       , 18                                      , 94                                      , 0                                       , 0                                       , 115                                     ,  0                                      , -3.429                                  , 1351                                    , -557.572                                ,
2019-09-07T19:03:34                     , Error                                   , ZEDBOARD                                , zed                                     , em.avnet.com:zed:part0:1.4              , synth_1                                 , impl_1                                  , 134                                     , 165                                     , 0                                       , 0                                       , 18                                      , 94                                      , 0                                       , 0                                       , 115                                     ,  0                                      , -3.525                                  , 1200                                    , -479.016                                ,
2019-09-08T21:19:44                     , Error                                   , ZEDBOARD                                , zed                                     , em.avnet.com:zed:part0:1.4              , synth_1                                 , impl_1                                  , 134                                     , 167                                     , 0                                       , 0                                       , 18                                      , 94                                      , 0                                       , 0                                       , 115                                     ,  0                                      , -3.269                                  , 2370                                    , -1318.356                               ,
2019-09-08T22:44:52                     , Error                                   , ZEDBOARD                                , zed                                     , em.avnet.com:zed:part0:1.4              , synth_1                                 , impl_1                                  , 134                                     , 161                                     , 0                                       , 0                                       , 18                                      , 24                                      , 0                                       , 0                                       , 45                                      ,  0                                      , -51.987                                 , 9257                                    , -30059.289                              ,
2019-09-10T01:58:34                     , Error                                   , ZEDBOARD                                , zed                                     , em.avnet.com:zed:part0:1.4              , synth_1                                 , impl_1                                  , 134                                     , 203                                     , 0                                       , 0                                       , 17                                      , 24                                      , 0                                       , 0                                       , 45                                      ,  0                                      , -3.186                                  , 2727                                    , -1729.612                               ,
2019-09-11T00:10:06                     , Error                                   , ZEDBOARD                                , zed                                     , em.avnet.com:zed:part0:1.4              , synth_1                                 , impl_1                                  , 135                                     , 211                                     , 0                                       , 0                                       , 18                                      , 24                                      , 0                                       , 0                                       , 45                                      ,  0                                      , -3.479                                  , 3172                                    , -2049.427                               ,
2019-09-15T19:39:14                     , Error                                   , ZEDBOARD                                , zed                                     , em.avnet.com:zed:part0:1.4              , synth_1                                 , impl_1                                  , 134                                     , 209                                     , 0                                       , 0                                       , 18                                      , 24                                      , 0                                       , 0                                       , 45                                      ,  0                                      , -2.874                                  , 1645                                    , -573.344                                ,
